RI,Na,Mg,K,Ca,Type
1.52101,13.64,4.49,0.06,8.75,1
1.51761,13.89,3.6,0.48,7.83,1
1.51618,13.53,3.55,0.39,7.78,1
1.51766,13.21,3.69,0.57,8.22,1
1.51742,13.27,3.62,0.55,8.07,1
1.51596,12.79,3.61,0.64,8.07,1
1.51743,13.3,3.6,0.58,8.17,1
1.51756,13.15,3.61,0.57,8.24,1
1.51918,14.04,3.58,0.56,8.3,1
1.51755,13,3.6,0.57,8.4,1
1.51571,12.72,3.46,0.67,8.09,1
1.51763,12.8,3.66,0.6,8.56,1
1.51589,12.88,3.43,0.69,8.05,1
1.51748,12.86,3.56,0.54,8.38,1
1.51763,12.61,3.59,0.58,8.5,1
1.51761,12.81,3.54,0.58,8.39,1
1.51784,12.68,3.67,0.61,8.7,1
1.52196,14.36,3.85,0.15,9.15,1
1.51911,13.9,3.73,0.06,8.89,1
1.51735,13.02,3.54,0.54,8.44,1
1.5175,12.82,3.55,0.54,8.52,1
1.51966,14.77,3.75,0.03,9,1
1.51736,12.78,3.62,0.59,8.7,1
1.51751,12.81,3.57,0.62,8.59,1
1.5172,13.38,3.5,0.5,8.43,1
1.51764,12.98,3.54,0.65,8.53,1
1.51793,13.21,3.48,0.59,8.43,1
1.51721,12.87,3.48,0.56,8.43,1
1.51768,12.56,3.52,0.57,8.54,1
1.51784,13.08,3.49,0.6,8.49,1
1.51768,12.65,3.56,0.61,8.69,1
1.51747,12.84,3.5,0.56,8.55,1
1.51775,12.85,3.48,0.61,8.56,1
1.51753,12.57,3.47,0.6,8.55,1
1.51783,12.69,3.54,0.57,8.75,1
1.51567,13.29,3.45,0.56,8.57,1
1.51909,13.89,3.53,0.51,8.78,1
1.51797,12.74,3.48,0.64,8.68,1
1.52213,14.21,3.82,0.11,9.57,1
1.52213,14.21,3.82,0.11,9.57,1
1.51793,12.79,3.5,0.64,8.77,1
1.51755,12.71,3.42,0.59,8.64,1
1.51779,13.21,3.39,0.59,8.59,1
1.5221,13.73,3.84,0.17,9.74,1
1.51786,12.73,3.43,0.62,8.76,1
1.519,13.49,3.48,0.55,9,1
1.51869,13.19,3.37,0.57,8.83,1
1.52667,13.99,3.7,0.02,9.82,1
1.52223,13.21,3.77,0.13,10.02,1
1.51898,13.58,3.35,0.59,8.91,1
1.5232,13.72,3.72,0.09,10.06,1
1.51926,13.2,3.33,0.6,9.14,1
1.51808,13.43,2.87,0.55,9.03,1
1.51837,13.14,2.84,0.55,9.07,1
1.51778,13.21,2.81,0.51,9.02,1
1.51769,12.45,2.71,0.56,9.06,1
1.51215,12.99,3.47,0.62,8.35,1
1.51824,12.87,3.48,0.6,8.43,1
1.51754,13.48,3.74,0.59,8.03,1
1.51754,13.39,3.66,0.57,8.27,1
1.51905,13.6,3.62,0.14,8.76,1
1.51977,13.81,3.58,0.12,8.67,1
1.52172,13.51,3.86,0.23,9.54,1
1.52227,14.17,3.81,0,9.69,1
1.52172,13.48,3.74,0.18,9.61,1
1.52099,13.69,3.59,0.09,9.4,1
1.52152,13.05,3.65,0.19,9.85,1
1.52152,13.05,3.65,0.19,9.85,1
1.52152,13.12,3.58,0.23,9.82,1
1.523,13.31,3.58,0.12,10.17,1
1.51574,14.86,3.67,0.16,7.36,2
1.51848,13.64,3.87,0.54,8.32,2
1.51593,13.09,3.59,0.67,7.83,2
1.51631,13.34,3.57,0.61,7.89,2
1.51596,13.02,3.56,0.72,7.9,2
1.5159,13.02,3.58,0.69,7.96,2
1.51645,13.44,3.61,0.66,8.03,2
1.51627,13,3.58,0.61,8.04,2
1.51613,13.92,3.52,0.37,7.94,2
1.5159,12.82,3.52,0.69,7.97,2
1.51592,12.86,3.52,0.69,7.97,2
1.51593,13.25,3.45,0.61,7.86,2
1.51646,13.41,3.55,0.68,8.1,2
1.51594,13.09,3.52,0.68,8.05,2
1.51409,14.25,3.09,1.1,7.08,2
1.51625,13.36,3.58,0.45,8.21,2
1.51569,13.24,3.49,0.38,8.03,2
1.51645,13.4,3.49,0.67,8.08,2
1.51618,13.01,3.5,0.6,8.12,2
1.5164,12.55,3.48,0.63,8.08,2
1.51841,12.93,3.74,0.64,8.96,2
1.51605,12.9,3.44,0.44,8.27,2
1.51588,13.12,3.41,0.07,8.39,2
1.5159,13.24,3.34,0.39,8.22,2
1.51629,12.71,3.33,0.67,8.24,2
1.5186,13.36,3.43,0.51,8.6,2
1.51841,13.02,3.62,0.64,9.13,2
1.51743,12.2,3.25,0.62,8.9,2
1.51689,12.67,2.88,0.73,8.54,2
1.51811,12.96,2.96,0.6,8.79,2
1.51655,12.75,2.85,0.57,8.79,2
1.5173,12.35,2.72,0.7,9.23,2
1.5182,12.62,2.76,0.35,9.42,2
1.52725,13.8,3.15,0.08,11.64,2
1.5241,13.83,2.9,0.08,10.79,2
1.52475,11.45,0,0.81,13.24,2
1.53125,10.73,0,0.58,13.3,2
1.53393,12.3,0,0.12,16.19,2
1.52222,14.43,0,0.1,11.52,2
1.51818,13.72,0,0,10.99,2
1.52664,11.23,0,0,14.68,2
1.52739,11.02,0,0,14.96,2
1.52777,12.64,0,0.06,14.4,2
1.51892,13.46,3.83,0.57,8.21,2
1.51847,13.1,3.97,0.6,8.43,2
1.51846,13.41,3.89,0.51,8.28,2
1.51829,13.24,3.9,0.55,8.31,2
1.51708,13.72,3.68,0.64,7.88,2
1.51673,13.3,3.64,0.65,8.03,2
1.51652,13.56,3.57,0.64,7.96,2
1.51844,13.25,3.76,0.58,8.42,2
1.51663,12.93,3.54,0.64,8.03,2
1.51687,13.23,3.54,0.56,8.1,2
1.51707,13.48,3.48,0.62,7.99,2
1.52177,13.2,3.68,0.54,8.52,2
1.51872,12.93,3.66,0.58,8.55,2
1.51667,12.94,3.61,0.56,8.6,2
1.52081,13.78,2.28,0.49,9.85,2
1.52068,13.55,2.09,0.53,9.57,2
1.5202,13.98,1.35,0.39,10.56,2
1.52177,13.75,1.01,0.33,11.14,2
1.52614,13.7,0,0.19,13.44,2
1.51813,13.43,3.98,0.58,8.15,2
1.518,13.71,3.93,0.54,8.21,2
1.51811,13.33,3.85,0.52,8.12,2
1.51789,13.19,3.9,0.55,8.44,2
1.51806,13,3.8,0.56,8.38,2
1.51711,12.89,3.62,0.61,8.11,2
1.51674,12.79,3.52,0.66,7.9,2
1.51674,12.87,3.56,0.65,7.99,2
1.5169,13.33,3.54,0.68,8.11,2
1.51851,13.2,3.63,0.57,8.41,2
1.51662,12.85,3.51,0.68,8.23,2
1.51709,13,3.47,0.66,8.18,2
1.5166,12.99,3.18,0.58,8.81,2
1.51839,12.85,3.67,0.62,8.68,2